ID,Titulo,Epico,Tipo,Prioridade,Estimativa_h,Sprint,Dependencias,Responsavel,Criterios_de_aceite
YT-001,Definir ICP e personas do canal,EP-01 Estratégia & Posicionamento,estrategia,Alta (Must have),3,S1,,Jefferson,3 personas descritas em 1 página cada | Para cada persona: 5 dores redigidas com as palavras que ela usa | Definido qual persona é prioritária nos primeiros 12 vídeos
YT-002,Definir proposta de valor e promessa do canal,EP-01 Estratégia & Posicionamento,estrategia,Alta (Must have),2,S1,YT-001,Jefferson,Promessa em ≤ 15 palavras | 3 variações escritas e escolhida 1 | Promessa validada com 5 pessoas do ICP (mensagem no LinkedIn/WhatsApp)
YT-003,Análise competitiva de 10 canais do nicho,EP-01 Estratégia & Posicionamento,pesquisa,Alta (Must have),4,S1,,Jefferson,"Planilha com 10 canais: inscritos, frequência, formato, duração média, nicho, monetização | Identificados 5 gaps de conteúdo não cobertos | Listados 3 ângulos de diferenciação viáveis"
YT-004,Definir os 5 pilares de conteúdo e o mix do calendário,EP-01 Estratégia & Posicionamento,estrategia,Alta (Must have),2,S1,"YT-001, YT-003",Jefferson,5 pilares nomeados com descrição de 1 parágrafo | % de ocupação de cada pilar definido e somando 100% | Cada pilar com ao menos 8 pautas iniciais listadas
YT-005,"Definir nome, @handle e tagline do canal",EP-01 Estratégia & Posicionamento,estrategia,Alta (Must have),2,S1,YT-002,Jefferson,"10 opções geradas e reduzidas a 3 | Disponibilidade verificada em YouTube, Instagram, LinkedIn e domínio .com.br | Handle reservado nas 3 plataformas"
YT-006,Definir tom de voz e diretrizes editoriais,EP-01 Estratégia & Posicionamento,estrategia,Media (Should have),2,S1,YT-002,Jefferson,"Documento de 1 página com ""sempre fazer / nunca fazer"" | 10 termos técnicos com a tradução simples padronizada (ex.: ""rateio"" → ""distribuição de custo"") | Regra definida sobre opinião política, indicação de investimento e crítica a empresas"
YT-007,Definir OKRs de 90 e 365 dias,EP-01 Estratégia & Posicionamento,estrategia,Media (Should have),2,S1,YT-002,Jefferson,1 objetivo com 3 KRs para 90 dias | 1 objetivo com 3 KRs para 365 dias | Métrica North Star definida (proposta: leads qualificados/mês)
YT-008,Definir o modelo de negócio do canal,EP-01 Estratégia & Posicionamento,estrategia,Media (Should have),3,S1,"YT-001, YT-007",Jefferson,Fontes de receita listadas e priorizadas por prazo e margem | Definida a oferta principal para os primeiros 12 meses | Estimativa de ticket médio e volume necessário para meta de receita
YT-009,Definir paleta de cores e tipografia,EP-02 Identidade Visual & Branding,design,Alta (Must have),3,S1,YT-005,Design,"1 cor primária, 1 secundária, 1 de destaque, 2 neutras — com códigos HEX | 2 famílias tipográficas definidas (título e corpo), com licença de uso comercial | Contraste validado (mínimo AA) para legibilidade em telas pequenas"
YT-010,Criar logo / avatar do canal,EP-02 Identidade Visual & Branding,design,Alta (Must have),4,S1,"YT-005, YT-009",Design,"Logo em versões horizontal, vertical e ícone | Avatar legível a 32×32 px | Arquivos entregues em SVG, PNG transparente e JPG"
YT-011,Criar banner (channel art) responsivo,EP-02 Identidade Visual & Branding,design,Alta (Must have),3,S1,YT-010,Design,"Arte 2560×1440 com área segura de 1546×423 respeitada | Testada em desktop, mobile e TV | Comunica a promessa do canal e a frequência de publicação"
YT-012,Criar template de thumbnail (3 variações),EP-02 Identidade Visual & Branding,design,Alta (Must have),5,S1,YT-009,Design,"3 layouts: (a) rosto + texto, (b) print de planilha + seta, (c) comparativo A vs B | Máximo 4 palavras de texto por thumbnail | Arquivo editável (Figma/Canva) com camadas nomeadas | Teste de legibilidade no tamanho real da grade do YouTube"
YT-013,Criar pacote de vinhetas e elementos de vídeo,EP-02 Identidade Visual & Branding,design,Alta (Must have),4,S1,"YT-009, YT-010",Design,"Intro de no máximo 5s (ou decisão documentada de não usar intro) | Lower third com nome e cargo | Card de ""inscreva-se"" e tela final padronizada | Transições e caixa de destaque para números na tela"
YT-014,Criar template de slides e animações de conceito,EP-02 Identidade Visual & Branding,design,Media (Should have),3,S1,YT-009,Design,"Template com 8 layouts (título, comparativo, cascata, tabela, fluxo, destaque, citação, CTA) | Padrão definido para formatação de números (R$, milhar, percentual) | Versão clara e versão escura"
YT-015,Consolidar brand book de 1 página,EP-02 Identidade Visual & Branding,design,Media (Should have),2,S1,YT-009 a YT-014,Design,"Documento único com cores, fontes, logo, uso correto/incorreto | Link do documento salvo na pasta do projeto | Compartilhado com editor e designer"
YT-016,Criar conta Google e Brand Account dedicada,EP-03 Setup e SEO do Canal,setup,Alta (Must have),1,S2,,Jefferson,"Conta Google exclusiva criada com e-mail do domínio da empresa | 2FA ativado e chaves de recuperação guardadas em cofre de senhas | Brand Account (conta de marca) criada, não perfil pessoal"
YT-017,Criar o canal e configurar o handle,EP-03 Setup e SEO do Canal,setup,Alta (Must have),1,S2,"YT-005, YT-016",Jefferson,Canal criado com nome definido | @handle configurado igual ao das outras redes | URL personalizada anotada na documentação do projeto
YT-018,Verificar o canal e habilitar recursos avançados,EP-03 Setup e SEO do Canal,setup,Alta (Must have),1,S2,YT-017,Jefferson,Verificação por telefone concluída | Upload de vídeos > 15 min habilitado | Thumbnail personalizada habilitada | Live streaming solicitado (carência de 24h considerada)
YT-019,Escrever descrição do canal otimizada para busca,EP-03 Setup e SEO do Canal,setup,Alta (Must have),2,S2,"YT-002, YT-032",Jefferson,Primeiras 150 caracteres com a promessa e a keyword principal | Pilares e frequência de publicação explícitos | CTA para lead magnet e contato comercial | Keywords do canal preenchidas nas configurações avançadas
YT-020,"Configurar links, e-mail comercial e trailer",EP-03 Setup e SEO do Canal,setup,Alta (Must have),1,S2,YT-017,Jefferson,"Até 5 links no banner (site, LinkedIn, Instagram, lead magnet, WhatsApp comercial) | E-mail comercial cadastrado | Slot de trailer reservado para o vídeo 00 (YT-042)"
YT-021,Criar estrutura de playlists por pilar,EP-03 Setup e SEO do Canal,setup,Alta (Must have),2,S2,YT-004,Jefferson,"1 playlist por pilar, com título e descrição otimizados | Playlist ""Comece por aqui"" criada | Ordem de reprodução definida (progressão didática, não cronológica)"
YT-022,Configurar layout da página inicial do canal,EP-03 Setup e SEO do Canal,setup,Media (Should have),1,S2,YT-021,Jefferson,"Seção de destaque, playlists e Shorts organizadas | Vídeo de destaque definido para visitante não inscrito | Vídeo de destaque definido para inscrito recorrente"
YT-023,Configurar moderação e permissões no YouTube Studio,EP-03 Setup e SEO do Canal,setup,Media (Should have),2,S2,YT-017,Jefferson,"Editor adicionado como ""Editor"" (sem acesso financeiro) | Lista de palavras bloqueadas configurada | Filtro de spam e retenção de comentários suspeitos ativados | Notificações por e-mail ajustadas"
YT-024,"Configurar rastreamento: UTM, GA4 e Search Console",EP-03 Setup e SEO do Canal,setup,Media (Should have),3,S2,YT-020,Jefferson,Padrão de UTM definido para todos os links do canal | GA4 instalado na landing page com evento de conversão | Planilha de rastreio ligando vídeo → clique → lead
YT-025,Especificar e orçar captação de imagem,EP-04 Produção: Equipamento & Estúdio,producao,Alta (Must have),2,S2,,Jefferson,3 opções orçadas (celular atual / câmera entrada / câmera intermediária) | Decisão documentada com justificativa de custo-benefício | Compra aprovada dentro do teto de CAPEX
YT-026,Especificar e orçar captação de áudio,EP-04 Produção: Equipamento & Estúdio,producao,Alta (Must have),2,S2,,Jefferson,"Microfone escolhido (lapela sem fio ou USB de mesa) | Teste de gravação em ambiente real feito antes da compra definitiva | Solução de tratamento acústico básico definida (tapete, cortina, painel)"
YT-027,Definir iluminação e cenário,EP-04 Produção: Equipamento & Estúdio,producao,Alta (Must have),3,S2,,Jefferson,"Esquema de luz definido (key + fill ou luz natural + rebatedor) | Fundo escolhido e montado — coerente com a marca, sem poluição visual | Teste gravado nos horários de manhã e de tarde para validar consistência"
YT-028,Definir stack de software de produção,EP-04 Produção: Equipamento & Estúdio,producao,Alta (Must have),2,S2,,Jefferson,Editor de vídeo escolhido (com licença comercial válida) | Teleprompter definido (app de celular ou software de desktop) | Ferramenta de captura de tela definida para as partes de planilha | Ferramenta de legendas automáticas escolhida
YT-029,Montar o estúdio e gravar teste técnico,EP-04 Produção: Equipamento & Estúdio,producao,Alta (Must have),4,S2,YT-025 a YT-028,Jefferson,"Gravação de teste de 2 minutos concluída | Áudio, foco, enquadramento e temperatura de cor validados | Marcações de posição de tripé, luz e cadeira feitas no chão/mesa | Tempo de setup medido — meta: ≤ 10 minutos"
YT-030,Definir padrão técnico de captação e entrega,EP-04 Produção: Equipamento & Estúdio,producao,Alta (Must have),2,S2,YT-029,Jefferson,"Resolução e fps padronizados (ex.: 1080p60 para longos, 1080×1920 para Shorts) | Alvo de loudness definido (−14 LUFS) e validado no editor | Formato e codec de entrega definidos | Padrão de captura de tela para planilhas (zoom, fonte mínima 16pt)"
YT-031,"Estruturar pastas, nomenclatura e backup",EP-04 Produção: Equipamento & Estúdio,producao,Media (Should have),3,S2,,Jefferson,"Árvore de pastas padrão criada (00_pauta, 01_roteiro, 02_brutos, 03_edicao, 04_arte, 05_final) | Convenção de nomes definida (`YYYYMMDD_EP##_slug_v#`) | Backup em nuvem configurado com sincronização automática | Política de retenção de brutos definida (ex.: 90 dias)"
YT-032,Keyword research: 100 termos de controladoria e FP&A,"EP-05 Pesquisa, SEO & Calendário Editorial",pesquisa,Alta (Must have),6,S2,YT-001,Jefferson,"Planilha com 100 termos: volume estimado, dificuldade, intenção (informacional/transacional) | Fontes usadas: autocomplete do YouTube, Google Trends, PAA, ferramenta de SEO | Top 20 keywords priorizadas por (volume × intenção) ÷ dificuldade | Termos de cauda longa separados dos termos de cabeça"
YT-033,Análise de SERP do YouTube para as top 20 keywords,"EP-05 Pesquisa, SEO & Calendário Editorial",pesquisa,Media (Should have),5,S2,YT-032,Jefferson,"Para cada keyword: 5 vídeos que ranqueiam, com views, duração, formato e idade | Identificado o que os vídeos que ranqueiam NÃO entregam | Definido o ângulo de superação para as 10 principais"
YT-034,Mapear perguntas reais do público,"EP-05 Pesquisa, SEO & Calendário Editorial",pesquisa,Media (Should have),4,S2,YT-003,Jefferson,"50 perguntas coletadas de comentários de concorrentes, LinkedIn, grupos e clientes reais | Perguntas agrupadas por pilar | Top 15 marcadas como pauta de alto potencial"
YT-035,Construir banco de pautas com 60 ideias,"EP-05 Pesquisa, SEO & Calendário Editorial",pesquisa,Alta (Must have),4,S2,"YT-032, YT-034",Jefferson,"60 pautas com: pilar, keyword-alvo, formato, ângulo, CTA e nível de esforço | Cada pauta pontuada por (potencial de busca + potencial de lead) | Banco de pautas em ferramenta consultável (planilha ou Asana)"
YT-036,Definir taxonomia de títulos e nomenclatura,"EP-05 Pesquisa, SEO & Calendário Editorial",pesquisa,Media (Should have),2,S2,YT-032,Jefferson,"5 fórmulas de título documentadas (como fazer X, erro que Y, X vs Y, número + benefício, pergunta) | Regra de posição da keyword (nas primeiras 40 caracteres) | Limite de caracteres definido para não truncar em mobile"
YT-037,Montar calendário editorial de 12 semanas,"EP-05 Pesquisa, SEO & Calendário Editorial",pesquisa,Alta (Must have),3,S2,"YT-035, YT-036",Jefferson,"12 vídeos longos programados com data, pilar, keyword e CTA | 36 Shorts derivados mapeados | Mix de pilares conferido contra o percentual definido em YT-004 | Calendário publicado em ferramenta compartilhada com a equipe"
YT-038,Definir estratégia de Shorts,"EP-05 Pesquisa, SEO & Calendário Editorial",pesquisa,Media (Should have),2,S2,YT-037,Jefferson,"Definido o papel dos Shorts (descoberta, não conversão) | 5 formatos de Short definidos (número que choca, erro comum, 1 conceito em 40s, antes/depois, mito x verdade) | Regra de extração: 3 Shorts por vídeo longo | Decisão sobre CTA nos Shorts documentada"
YT-039,Desenhar séries e conteúdo evergreen de autoridade,"EP-05 Pesquisa, SEO & Calendário Editorial",pesquisa,Baixa (Could have),3,S2,YT-035,Jefferson,"2 séries desenhadas (ex.: ""Controladoria do zero em 10 aulas"", ""Destrinchando o DRE"") | Cada série com episódios, ordem e playlist correspondente | Definido qual série vira lead magnet ou produto pago depois"
YT-040,Criar template de roteiro,EP-06 Roteiro & Gravação,producao,Alta (Must have),3,S3,YT-006,Jefferson,"Estrutura definida: Hook (0–15s) → Promessa → Prova de credibilidade → Entrega em blocos → Recapitulação → CTA | Regra de retenção: nova informação ou mudança de plano a cada 20–30s | Campo de marcação de b-roll, print de tela e texto na tela | Padrão de duração: 1.400–1.900 palavras para vídeo de 10–13 min"
YT-041,Montar biblioteca de 20 hooks testáveis,EP-06 Roteiro & Gravação,producao,Media (Should have),3,S3,YT-040,Jefferson,"20 hooks escritos, categorizados por gatilho (perda, erro, contraste, número, curiosidade) | Cada hook com ≤ 2 frases | Regra: o hook entrega a promessa do título nos primeiros 10 segundos"
YT-042,Roteirizar e gravar o Vídeo 00 (trailer do canal),EP-06 Roteiro & Gravação,producao,Alta (Must have),4,S3,"YT-040, YT-029",Jefferson,"Roteiro de 60s aprovado | Responde: para quem é, o que entrega, com que frequência, por que confiar | Gravado e aprovado tecnicamente (áudio, luz, enquadramento)"
YT-043,"Roteirizar e gravar o Vídeo 01 — ""O que faz um Controller""",EP-06 Roteiro & Gravação,producao,Alta (Must have),6,S3,"YT-040, YT-049",Jefferson,Roteiro escrito no template e revisado tecnicamente | Print/planilha de apoio preparado e anonimizado | Gravação concluída com no máximo 2 takes por bloco | CTA para lead magnet inserido no roteiro
YT-044,"Roteirizar e gravar o Vídeo 02 — ""DRE contábil x DRE gerencial""",EP-06 Roteiro & Gravação,producao,Alta (Must have),6,S3,"YT-040, YT-049",Jefferson,Planilha comparativa construída ao vivo na tela | Exemplo numérico fechado e conferido (soma bate) | Roteiro revisado tecnicamente | Gravação concluída
YT-045,"Roteirizar e gravar o Vídeo 03 — ""Margem de contribuição na prática""",EP-06 Roteiro & Gravação,producao,Alta (Must have),6,S3,"YT-040, YT-049",Jefferson,Planilha modelo criada (será também lead magnet) | Demonstração passo a passo gravada em captura de tela | Roteiro revisado tecnicamente | Gravação concluída
YT-046,"Roteirizar e gravar o Vídeo 04 — ""Mark-up x margem""",EP-06 Roteiro & Gravação,producao,Alta (Must have),6,S3,"YT-040, YT-049",Jefferson,Erro clássico de precificação demonstrado com número real | Fórmula de mark-up divisor apresentada na tela | Roteiro revisado tecnicamente | Gravação concluída
YT-047,"Roteirizar e gravar o Vídeo 05 — ""Rateio de custo indireto""",EP-06 Roteiro & Gravação,producao,Alta (Must have),6,S3,"YT-040, YT-049",Jefferson,3 critérios de rateio comparados com o mesmo conjunto de dados | Demonstrado como o critério muda a decisão (subsídio cruzado) | Roteiro revisado tecnicamente | Gravação concluída
YT-048,Gravar lote de 10 Shorts,EP-06 Roteiro & Gravação,producao,Media (Should have),5,S3,"YT-038, YT-043 a YT-047",Jefferson,10 Shorts gravados na vertical (não recorte forçado do horizontal) | Cada Short entrega 1 ideia completa em ≤ 60s | Legenda queimada prevista no roteiro | Estoque suficiente para 3 semanas de publicação
YT-049,Instituir processo de revisão técnica de conteúdo,EP-06 Roteiro & Gravação,governanca,Media (Should have),3,S3,,Controller,"Checklist de revisão criado (conceito, fórmula, terminologia CPC/CFC, exemplo numérico) | Revisor definido e prazo de SLA acordado (48h) | Regra: nenhum vídeo é gravado sem roteiro revisado"
YT-050,Definir padrão de edição e criar projeto-template,EP-07 Pós-produção & Publicação,pos-producao,Alta (Must have),5,S3,"YT-013, YT-028",Editor,"Projeto-template com presets de cor, áudio, legenda e títulos | Ritmo de corte definido (remoção de pausas, jump cuts, zoom de ênfase) | Padrão de exibição de números na tela definido | Tempo-alvo de edição por vídeo: ≤ 4h"
YT-051,Estabelecer processo de legendas e acessibilidade,EP-07 Pós-produção & Publicação,pos-producao,Alta (Must have),3,S3,YT-028,Editor,Legenda automática gerada e revisada manualmente (termos técnicos erram sempre) | Arquivo .srt anexado a cada upload | Contraste e tamanho da legenda queimada validados em tela de celular
YT-052,Criar thumbnails dos vídeos 00 a 05,EP-07 Pós-produção & Publicação,pos-producao,Alta (Must have),6,S4,"YT-012, YT-043 a YT-047",Design,3 variações de thumbnail por vídeo (para teste A/B) | Testadas em miniatura (140px de largura) | Coerência visual entre elas sem virar repetição
YT-053,"Escrever títulos, descrições e tags dos vídeos 00 a 05",EP-07 Pós-produção & Publicação,pos-producao,Alta (Must have),5,S4,"YT-036, YT-043 a YT-047",Jefferson,"3 opções de título por vídeo, keyword nos primeiros 40 caracteres | Descrição com: resumo em 2 linhas + capítulos com timestamp + links + CTA | Tags e hashtags definidas por vídeo | Capítulos (chapters) marcados — aumentam retenção e geram rich snippet"
YT-054,"Configurar cards, telas finais e playlists automáticas",EP-07 Pós-produção & Publicação,pos-producao,Alta (Must have),3,S4,"YT-021, YT-053",Jefferson,"Card no minuto de maior queda de retenção apontando para vídeo relacionado | Tela final com ""próximo vídeo"" + ""inscreva-se"" em todos os vídeos | Cada vídeo adicionado à playlist do seu pilar e a ""Comece por aqui"""
YT-055,Criar checklist de publicação,EP-07 Pós-produção & Publicação,governanca,Alta (Must have),2,S4,YT-050 a YT-054,Jefferson,"Checklist pré-upload (arquivo, legenda, thumbnail, título, descrição, tags, playlist, cards, tela final) | Checklist pós-upload (comentário fixado, compartilhamento, Community, repurposing) | Checklist transformado em template de tarefa recorrente no Asana"
YT-056,Definir política de agendamento e horário de publicação,EP-07 Pós-produção & Publicação,governanca,Alta (Must have),2,S4,YT-037,Jefferson,"Dia e horário fixos definidos (proposta: terça, 19h — audiência B2B pós-expediente) | Regra de estreia (premiere) definida | Revisão do horário programada para D+60 com base nos dados de audiência"
YT-057,Definir processo de resposta a comentários,EP-07 Pós-produção & Publicação,growth,Media (Should have),2,S4,YT-023,Jefferson,Meta: 100% dos comentários respondidos nas primeiras 24h | Comentário próprio fixado com pergunta que estimula resposta | Comentários com dúvida de negócio marcados como lead e levados ao funil
YT-058,Montar plano de repurposing multicanal,EP-08 Distribuição & Crescimento,growth,Media (Should have),4,S4,YT-037,Jefferson,"Matriz definida: vídeo → 3 Shorts → 1 post LinkedIn → 1 carrossel → 1 e-mail → 1 post de comunidade | Calendário de distribuição com D+1, D+2, D+3 | Templates de post prontos para LinkedIn e Instagram"
YT-059,Executar a semana de estreia do canal,EP-08 Distribuição & Crescimento,growth,Media (Should have),5,S4,YT-052 a YT-056,Jefferson,"Trailer + 3 vídeos publicados na semana de estreia (canal não pode parecer vazio) | Anúncio no LinkedIn, Instagram e lista de contatos | 30 mensagens diretas para clientes e parceiros pedindo primeira visualização | Meta de estreia: 50 inscritos na primeira semana"
YT-060,Mapear e abordar 15 potenciais convidados/colaborações,EP-08 Distribuição & Crescimento,growth,Media (Should have),4,S5,YT-003,Jefferson,"Lista de 15 nomes (CFOs, controllers, professores, criadores de finanças B2B) | Roteiro de abordagem escrito (valor primeiro, convite depois) | 5 abordagens enviadas e 1 colaboração agendada"
YT-061,Montar newsletter e página de captura,EP-08 Distribuição & Crescimento,funil,Media (Should have),5,S5,YT-024,Jefferson,Ferramenta de e-mail escolhida e configurada (domínio autenticado: SPF/DKIM) | Página de captura publicada e testada em mobile | Formato e frequência da newsletter definidos (proposta: quinzenal) | Integração com o link da descrição dos vídeos validada ponta a ponta
YT-062,Ativar a aba Community e rotina de engajamento,EP-08 Distribuição & Crescimento,growth,Baixa (Could have),3,S5,YT-018,Jefferson,"2 posts por semana programados (enquete, bastidor, pergunta, teaser) | Enquete usada para escolher a pauta de um dos vídeos do mês | Métrica de engajamento da Community acompanhada mensalmente"
YT-063,Distribuir em comunidades e grupos de finanças,EP-08 Distribuição & Crescimento,growth,Baixa (Could have),3,S5,YT-059,Jefferson,"10 comunidades mapeadas (LinkedIn, WhatsApp, Telegram, fóruns de contabilidade) | Regras de cada grupo lidas — sem spam, valor antes do link | Cadência de participação definida (contribuir 4× antes de divulgar 1×)"
YT-064,Implantar processo de teste A/B de thumbnail e título,EP-08 Distribuição & Crescimento,growth,Media (Should have),3,S5,YT-052,Jefferson,"Regra definida: trocar thumbnail se CTR < 3% em 48h | Registro de testes criado (hipótese, variante, CTR antes/depois) | Aprendizados consolidados mensalmente no brand book"
YT-065,Rodar teste de tráfego pago de validação,EP-08 Distribuição & Crescimento,growth,Baixa (Could have),3,S5,YT-061,Jefferson,"Verba de R$ 500 alocada em teste | Objetivo: validar custo por lead do lead magnet, não comprar inscrito | Resultado documentado com CPL e decisão de escalar ou parar"
YT-066,Produzir lead magnet #1 — Planilha de DRE Gerencial,EP-09 Monetização & Funil Comercial,funil,Media (Should have),8,S6,YT-044,Jefferson,"Planilha funcional com abas de lançamento, DRE gerencial e indicadores | Instruções de uso embutidas e vídeo de 3 min de apoio | Marca aplicada e link para o diagnóstico da consultoria | Testada por 3 pessoas fora da equipe"
YT-067,Produzir lead magnet #2 — Checklist de fechamento mensal,EP-09 Monetização & Funil Comercial,funil,Media (Should have),5,S6,,Jefferson,"Checklist de fechamento em 5 dias, com responsável e prazo por etapa | Versão PDF e versão editável | Vinculado ao vídeo 12 do calendário"
YT-068,Publicar landing page de captura integrada,EP-09 Monetização & Funil Comercial,funil,Media (Should have),6,S6,"YT-061, YT-066",Jefferson,"Estrutura de conversão: headline + prova + formulário curto (nome, e-mail, empresa) | Carregamento < 2s e layout mobile-first | Integração com e-mail e com o CRM/Asana validada | Meta de conversão da página: ≥ 25%"
YT-069,Escrever sequência de nutrição de 7 e-mails,EP-09 Monetização & Funil Comercial,funil,Baixa (Could have),6,S6,YT-068,Jefferson,"7 e-mails escritos (boas-vindas → história → conteúdo → caso → objeções → oferta → última chance) | Automação configurada com gatilho de download do lead magnet | Metas definidas: abertura ≥ 30%, clique ≥ 4%"
YT-070,Estruturar a oferta de entrada (diagnóstico de controladoria),EP-09 Monetização & Funil Comercial,funil,Baixa (Could have),4,S6,YT-008,Jefferson,"Escopo, duração, entregável e preço definidos | Página ou proposta de 1 página criada | Caminho de upsell para o serviço recorrente mapeado"
YT-071,Desenhar roadmap de produto digital,EP-09 Monetização & Funil Comercial,funil,Baixa (Could have),3,S6,"YT-039, YT-070",Jefferson,"Decisão entre curso, mentoria em grupo ou comunidade paga | Currículo em alto nível derivado das séries do canal | Janela de lançamento definida e pré-requisitos de audiência estabelecidos"
YT-072,Mapear requisitos do YouTube Partner Program,EP-09 Monetização & Funil Comercial,funil,Baixa (Could have),2,S6,,Jefferson,Requisitos atuais documentados (inscritos + horas de exibição ou views de Shorts) | Projeção de quando o canal atinge o requisito | Decisão sobre exibir anúncios (pode conflitar com posicionamento premium B2B)
YT-073,Definir KPIs e metas do canal,"EP-10 Métricas, Governança & Compliance",governanca,Alta (Must have),3,S1,YT-007,Jefferson,"KPIs definidos com fórmula, fonte e meta de 90 e 365 dias | North Star definida e comunicada à equipe | Limites de alerta definidos (ex.: CTR < 3% dispara ação)"
YT-074,Construir dashboard de métricas do canal,"EP-10 Métricas, Governança & Compliance",governanca,Media (Should have),5,S5,"YT-073, YT-024",Jefferson,"Dashboard com CTR, retenção, AVD, inscritos por vídeo, leads por vídeo | Atualização semanal (manual ou via export do YT Studio) | Visão por pilar de conteúdo para identificar o que performa"
YT-075,Instituir o ritual semanal de produção,"EP-10 Métricas, Governança & Compliance",governanca,Media (Should have),2,S2,,Jefferson,"Blocos fixos na agenda (segunda pauta, terça roteiro, quinta gravação, sexta métricas) | Blocos protegidos como compromisso inegociável | Estoque mínimo de 4 vídeos monitorado semanalmente"
YT-076,Instituir a retrospectiva mensal do canal,"EP-10 Métricas, Governança & Compliance",governanca,Media (Should have),2,S5,YT-074,Jefferson,"Pauta fixa: o que performou, o que não performou, hipótese, ajuste | Decisões registradas em ata | Calendário do mês seguinte ajustado com base nos dados"
YT-077,Manter registro de riscos ativo,"EP-10 Métricas, Governança & Compliance",governanca,Media (Should have),2,S1,,Jefferson,Os 10 riscos do backlog registrados na ferramenta de gestão | Revisão mensal de probabilidade e impacto | Novos riscos incorporados na retrospectiva
YT-078,"Definir política de sigilo, anonimização e LGPD","EP-10 Métricas, Governança & Compliance",governanca,Alta (Must have),4,S1,,Jefferson,"Regra escrita: nenhum dado real de cliente sem autorização formal por escrito | Procedimento de anonimização (alterar valores, setor, nomes, ordem de grandeza) | Aviso de privacidade e disclaimer padrão para descrição dos vídeos | Checklist de sigilo incorporado à revisão pré-gravação"
YT-079,Definir política de direitos autorais e licenciamento,"EP-10 Métricas, Governança & Compliance",governanca,Alta (Must have),3,S2,YT-028,Editor,"Biblioteca de trilhas licenciadas definida e assinada | Fonte de imagens e ícones com licença comercial validada | Regra de citação de autores (Eliseu Martins, Kaplan, Horngren) documentada | Registro de licenças arquivado"
YT-080,Documentar o SOP completo do canal,"EP-10 Métricas, Governança & Compliance",governanca,Media (Should have),3,S5,"YT-040, YT-050, YT-055",Jefferson,"SOP com objetivo, escopo, responsáveis, passo a passo e critérios de aceite | Cobre o fluxo completo: pauta → roteiro → gravação → edição → arte → publicação → distribuição → métricas | Versionado, com histórico de revisões | Testado: um terceiro consegue publicar um vídeo seguindo apenas o SOP"
